<?xml version="1.0" encoding="UTF-8"?>
<project-private xmlns="http://www.netbeans.org/ns/project-private/1">
    <editor-bookmarks xmlns="http://www.netbeans.org/ns/editor-bookmarks/2" lastBookmarkId="0"/>
    <open-files xmlns="http://www.netbeans.org/ns/projectui-open-files/2">
        <group>
            <file>file:/C:/Users/kelly/OneDrive%20-%20SENAC%20-%20SP/Documentos/NetBeansProjects/Pet/src/views/Reservas.java</file>
            <file>file:/C:/Users/kelly/OneDrive%20-%20SENAC%20-%20SP/Documentos/NetBeansProjects/Pet/src/views/img/icons/encontro.png</file>
            <file>file:/C:/Users/kelly/OneDrive%20-%20SENAC%20-%20SP/Documentos/NetBeansProjects/Pet/src/views/Clientes.java</file>
            <file>file:/C:/Users/kelly/OneDrive%20-%20SENAC%20-%20SP/Documentos/NetBeansProjects/Pet/src/views/img/icons/gota-de-agua.png</file>
            <file>file:/C:/Users/kelly/OneDrive%20-%20SENAC%20-%20SP/Documentos/NetBeansProjects/Pet/src/views/Pet.java</file>
            <file>file:/C:/Users/kelly/OneDrive%20-%20SENAC%20-%20SP/Documentos/NetBeansProjects/Pet/src/views/img/icons/tesouras.png</file>
            <file>file:/C:/Users/kelly/OneDrive%20-%20SENAC%20-%20SP/Documentos/NetBeansProjects/Pet/src/Model/AgendarM.java</file>
            <file>file:/C:/Users/kelly/OneDrive%20-%20SENAC%20-%20SP/Documentos/NetBeansProjects/Pet/src/views/Menu.java</file>
            <file>file:/C:/Users/kelly/OneDrive%20-%20SENAC%20-%20SP/Documentos/NetBeansProjects/Pet/src/views/img/icons/encontro%20(1).png</file>
            <file>file:/C:/Users/kelly/OneDrive%20-%20SENAC%20-%20SP/Documentos/NetBeansProjects/Pet/src/controller/UsuarioDao.java</file>
            <file>file:/C:/Users/kelly/OneDrive%20-%20SENAC%20-%20SP/Documentos/NetBeansProjects/Pet/src/controller/PetDao.java</file>
            <file>file:/C:/Users/kelly/OneDrive%20-%20SENAC%20-%20SP/Documentos/NetBeansProjects/Pet/src/views/Agendar.java</file>
            <file>file:/C:/Users/kelly/OneDrive%20-%20SENAC%20-%20SP/Documentos/NetBeansProjects/Pet/src/controller/LoginDao.java</file>
            <file>file:/C:/Users/kelly/OneDrive%20-%20SENAC%20-%20SP/Documentos/NetBeansProjects/Pet/src/Model/Cliente.java</file>
            <file>file:/C:/Users/kelly/OneDrive%20-%20SENAC%20-%20SP/Documentos/NetBeansProjects/Pet/src/views/img/icons/calendario.png</file>
            <file>file:/C:/Users/kelly/OneDrive%20-%20SENAC%20-%20SP/Documentos/NetBeansProjects/Pet/src/controller/ClientesDao.java</file>
            <file>file:/C:/Users/kelly/OneDrive%20-%20SENAC%20-%20SP/Documentos/NetBeansProjects/Pet/src/views/img/icons/perfil.png</file>
            <file>file:/C:/Users/kelly/OneDrive%20-%20SENAC%20-%20SP/Documentos/NetBeansProjects/Pet/src/controller/AgendarDao.java</file>
            <file>file:/C:/Users/kelly/OneDrive%20-%20SENAC%20-%20SP/Documentos/NetBeansProjects/Pet/src/views/Login.java</file>
            <file>file:/C:/Users/kelly/OneDrive%20-%20SENAC%20-%20SP/Documentos/NetBeansProjects/Pet/src/controller/ConectarDao.java</file>
            <file>file:/C:/Users/kelly/OneDrive%20-%20SENAC%20-%20SP/Documentos/NetBeansProjects/Pet/src/views/CadastroCliente.java</file>
            <file>file:/C:/Users/kelly/OneDrive%20-%20SENAC%20-%20SP/Documentos/NetBeansProjects/Pet/src/controller/ReservasDao.java</file>
            <file>file:/C:/Users/kelly/OneDrive%20-%20SENAC%20-%20SP/Documentos/NetBeansProjects/Pet/src/views/CadastroPet.java</file>
            <file>file:/C:/Users/kelly/OneDrive%20-%20SENAC%20-%20SP/Documentos/NetBeansProjects/Pet/src/Model/Usuario.java</file>
            <file>file:/C:/Users/kelly/OneDrive%20-%20SENAC%20-%20SP/Documentos/NetBeansProjects/Pet/src/Model/PetM.java</file>
        </group>
    </open-files>
</project-private>
